{"uptimeLinks":["https://orneklinkk.glitch.me","https://orneklink.glitch.me","https://örneklink1.glitch.me","https://örneklink21.glitch.me","https://örnek2link21.glitch.me","https://örne2k2lin2k21.glitch.me"],"uptimeLinks_828247412771993109":["https://orneklink.glitch.me","https://orneklink.glitch.me"],"uptimeBoolan_1039629679029653544":true,"uptimeChannel_1039629679029653544":"1051189561029570561","uptimeLinks_936969979151130674":["https://örneklink1.glitch.me","https://örneklink21.glitch.me","https://örnek2link21.glitch.me","https://örne2k2lin2k21.glitch.me"],"uptimeSistemi_1039629679029653544":{"kanal":"1051189561029570561","rol":"1051191591441801306"}}